,City,Cloudiness,Country,Date,Humidity,Lat,Lng,Max Temp,Wind Speed
0,Ancud,0,CL,1566266526,93,-41.87,-73.83,37.4,4.7
1,Zhezkazgan,40,KZ,1566266528,56,47.8,67.71,68.0,8.95
2,Kodiak,1,US,1566266529,88,39.95,-94.76,84.0,6.93
3,Bingol,0,TR,1566266530,33,38.88,40.49,64.72,2.71
4,Dolny Kubin,0,SK,1566266531,88,49.21,19.3,66.0,2.24
5,Caravelas,0,BR,1566266532,89,-17.73,-39.27,72.1,8.28
6,Qaanaaq,100,GL,1566266533,95,77.48,-69.36,36.64,1.1
7,Pacific Grove,1,US,1566266534,68,36.62,-121.92,73.0,17.22
8,Albany,1,US,1566266394,100,42.65,-73.75,77.0,5.82
9,Naze,100,NG,1566266537,96,5.43,7.07,73.18,4.41
10,Bluff,0,AU,1566266538,18,-23.58,149.07,68.5,12.59
11,Cape Town,0,ZA,1566266438,76,-33.93,18.42,57.0,16.11
12,Marsh Harbour,22,BS,1566266540,75,26.54,-77.06,84.16,14.25
13,Mamallapuram,75,IN,1566266541,100,12.63,80.17,78.8,5.82
14,Butaritari,100,KI,1566266542,73,3.07,172.79,82.18,8.3
15,Garden City,1,US,1566266544,18,43.62,-116.24,93.2,8.05
16,Chuy,100,UY,1566266337,77,-33.69,-53.46,44.74,9.62
17,Busselton,0,AU,1566266546,49,-33.64,115.35,61.0,12.55
18,Barcelona,75,ES,1566266461,61,41.38,2.18,79.0,10.29
19,Saldanha,0,PT,1566266548,73,41.42,-6.55,58.06,4.54
20,Ushuaia,0,AR,1566266549,64,-54.81,-68.31,37.4,4.7
21,Saskylakh,100,RU,1566266550,62,71.97,114.09,63.46,10.65
22,Bethel,90,US,1566266552,66,60.79,-161.76,53.6,10.29
23,Mgandu,42,TZ,1566266553,61,-5.96,34.11,56.44,10.76
24,Fairbanks,90,US,1566266543,43,64.84,-147.72,60.8,8.05
25,Lalganj,75,IN,1566266555,94,26.17,80.97,80.6,5.82
26,Atuona,0,PF,1566266556,74,-9.8,-139.03,79.66,17.74
27,Okhotsk,100,RU,1566266557,70,59.36,143.24,60.4,8.43
28,Biloela,0,AU,1566266559,16,-24.4,150.51,69.22,17.36
29,Pisco,20,PE,1566266560,87,-13.71,-76.2,60.8,6.93
30,Kaitangata,100,NZ,1566266561,65,-46.28,169.85,50.0,5.99
31,Pevek,1,RU,1566266562,90,69.7,170.27,43.48,5.46
32,Soe,5,EE,1566266563,93,57.91,26.05,54.0,2.24
33,Namibe,0,AO,1566266564,85,-15.19,12.15,65.44,3.0
34,Skibbereen,0,IE,1566266566,87,51.55,-9.27,50.0,8.05
35,Hithadhoo,98,MV,1566266567,69,-0.6,73.08,83.98,9.86
36,Mount Gambier,75,AU,1566266568,87,-37.83,140.78,53.6,20.8
37,Ribeira Grande,100,PT,1566266569,91,38.52,-28.7,70.84,16.49
38,Tasiilaq,0,GL,1566266570,87,65.61,-37.64,42.8,2.24
39,Sokoni,0,CD,1566266571,80,-12.89,28.78,49.42,6.62
40,Rikitea,100,PF,1566266572,83,-23.12,-134.97,74.44,2.46
41,Hilo,1,US,1566266574,55,19.71,-155.08,87.8,10.29
42,Palaikastron,0,GR,1566266575,55,35.2,26.25,77.0,11.01
43,Inirida,86,CO,1566266307,97,3.87,-67.92,73.36,2.26
44,Torbay,20,CA,1566266388,72,47.66,-52.73,64.4,13.87
45,Ballina,100,IE,1566266578,87,54.11,-9.15,55.0,8.01
46,Thompson,75,CA,1566266579,87,55.74,-97.86,53.6,8.05
47,Touros,40,BR,1566266427,94,-5.2,-35.46,73.4,3.36
48,Sechura,0,PE,1566266582,89,-5.56,-80.82,60.76,7.61
49,Naryan-Mar,1,RU,1566266583,76,67.67,53.09,56.44,11.97
50,Bernardino de Campos,33,BR,1566266584,83,-23.01,-49.48,60.04,11.88
51,Sinnamary,35,GF,1566266585,78,5.38,-52.96,81.46,9.42
52,Nikolskoye,40,RU,1566266586,93,59.7,30.79,61.0,4.47
53,Sao Filipe,8,CV,1566266587,87,14.9,-24.5,77.32,9.48
54,Svay Rieng,100,KH,1566266589,57,11.08,105.8,90.46,12.66
55,Mar del Plata,0,AR,1566266590,47,-46.43,-67.52,33.22,3.42
56,Alofi,75,NU,1566266591,78,-19.06,-169.92,78.8,10.29
57,Punta Arenas,0,CL,1566266488,89,-53.16,-70.91,32.0,2.24
58,East London,99,ZA,1566266593,52,-33.02,27.91,55.54,10.96
59,Barrow,39,AR,1566266595,85,-38.31,-60.23,32.32,4.54
60,Victoria,90,BN,1566266596,83,5.28,115.24,82.4,4.7
61,Meulaboh,100,ID,1566266597,78,4.14,96.13,81.64,7.05
62,Buala,100,SB,1566266598,77,-8.15,159.59,82.0,11.65
63,Hobart,75,AU,1566266599,58,-42.88,147.33,59.0,20.8
64,Mirnyy,0,RU,1566266600,95,56.57,36.46,58.24,6.04
65,Fershampenuaz,100,RU,1566266602,86,53.52,59.82,66.34,7.16
66,Kiama,0,AU,1566266603,38,-34.67,150.86,64.0,16.11
67,Georgetown,20,GY,1566266604,83,6.8,-58.16,82.4,6.93
68,Atar,1,MR,1566266605,30,20.52,-13.05,89.74,11.07
69,Finote Selam,5,ET,1566266606,94,10.7,37.27,55.72,2.75
70,Koumac,0,NC,1566266607,62,-20.56,164.28,69.76,16.6
71,Port Alfred,47,ZA,1566266609,69,-33.59,26.89,60.01,5.99
72,Bargaoani,0,RO,1566266610,87,46.98,26.63,62.01,2.33
73,Toktogul,0,KG,1566266611,96,41.87,72.95,71.01,2.24
74,Lagunas,9,PE,1566266612,88,-5.23,-75.68,71.92,3.24
75,Lagoa,0,PT,1566266613,40,37.14,-8.45,69.8,5.82
76,Mataura,100,NZ,1566266615,79,-46.19,168.86,48.99,3.0
77,Esperance,0,AU,1566266616,76,-33.86,121.89,55.4,9.17
78,Cockburn Town,18,TC,1566266617,79,21.46,-71.14,83.44,22.82
79,Paptalaya,39,HN,1566266618,93,15.5,-84.32,73.18,0.89
80,Zhigansk,100,RU,1566266619,78,66.77,123.37,57.16,4.94
81,Serenje,0,ZM,1566266621,88,-13.23,30.22,47.08,3.78
82,New Norfolk,75,AU,1566266622,58,-42.78,147.06,60.01,20.8
83,Ixtapa,90,MX,1566266623,70,20.71,-105.21,89.6,3.36
84,Bredasdorp,0,ZA,1566266624,87,-34.53,20.04,42.8,1.12
85,Lovington,1,US,1566266625,21,32.94,-103.35,91.99,11.41
86,Tiksi,0,RU,1566266626,77,71.64,128.87,55.54,3.24
87,Yulara,0,AU,1566266428,35,-25.24,130.99,57.2,19.46
88,Staryy Nadym,66,RU,1566266629,67,65.61,72.68,53.38,13.65
89,Toora-Khem,8,RU,1566266630,66,52.47,96.11,56.44,4.07
90,Sisimiut,54,GL,1566266631,84,66.94,-53.67,42.4,22.01
91,Avera,90,US,1566266632,94,33.19,-82.53,80.6,11.41
92,Leninskoye,0,RU,1566266634,93,54.82,82.85,51.8,4.47
93,Kiruna,100,SE,1566266635,87,67.86,20.23,50.0,10.29
94,Carlisle,54,GB,1566266636,93,54.89,-2.94,55.99,14.99
95,Salmas,20,IR,1566266637,48,38.2,44.77,64.4,4.7
96,Vaini,40,IN,1566266638,94,15.34,74.49,69.8,1.28
97,Vila Franca do Campo,75,PT,1566266640,94,37.72,-25.43,71.01,8.05
98,Caranavi,82,BO,1566266641,87,-15.83,-67.57,53.38,0.85
99,Upernavik,100,GL,1566266642,83,72.79,-56.15,42.94,4.79
100,Georgiyevka,0,RU,1566266643,91,52.25,40.45,61.3,3.56
101,Sitka,100,US,1566266645,43,37.17,-99.65,86.0,8.99
102,Nicolas Bravo,75,MX,1566266646,46,24.39,-104.74,73.99,10.29
103,Mayo,20,CA,1566266647,24,63.59,-135.9,55.4,5.82
104,Labuhan,36,ID,1566266648,43,-2.54,115.51,92.98,1.5
105,Kapaa,1,US,1566266649,58,22.08,-159.32,87.8,14.99
106,Biak,100,ID,1566266650,88,-0.91,122.88,65.8,8.34
107,Kamenka,0,MD,1566266652,88,48.03,28.7,55.0,1.72
108,Muros,0,ES,1566266653,93,42.77,-9.06,63.0,11.41
109,Tarakan,20,ID,1566266592,78,3.3,117.63,82.4,9.17
110,Monywa,100,MM,1566266655,74,22.12,95.13,83.8,8.39
111,Cherskiy,100,RU,1566266656,45,68.75,161.3,71.74,5.97
112,Talnakh,90,RU,1566266657,100,69.49,88.39,48.2,13.42
113,Jamestown,56,AU,1566266659,69,-33.21,138.6,53.56,15.61
114,Arraial do Cabo,100,BR,1566266660,91,-22.97,-42.02,68.14,14.09
115,Annonay,100,FR,1566266661,93,45.24,4.67,62.6,2.24
116,Russell,1,US,1566266662,58,38.9,-98.86,90.0,11.41
117,Shingu,75,JP,1566266663,94,33.72,135.99,82.4,4.7
118,Khilok,96,RU,1566266664,50,51.36,110.46,62.74,9.8
119,Bambous Virieux,75,MU,1566266665,83,-20.34,57.76,71.6,14.99
120,Powell,1,US,1566266667,78,40.16,-83.08,81.0,3.36
121,Srandakan,52,ID,1566266668,79,-7.94,110.25,74.98,18.95
122,Tacuati,0,PY,1566266669,43,-23.46,-56.74,60.22,5.91
123,Necochea,61,AR,1566266670,76,-38.55,-58.74,33.76,2.48
124,Ardakan,0,IR,1566266671,15,32.31,54.02,75.2,6.93
125,Puerto Ayora,89,EC,1566266673,97,-0.74,-90.35,66.0,1.01
126,Port Lincoln,94,AU,1566266674,76,-34.72,135.86,56.98,21.03
127,Lazaro Cardenas,75,MX,1566266675,47,28.39,-105.62,82.0,8.05
128,Bintulu,90,MY,1566266486,94,3.17,113.03,75.2,6.93
129,Hobyo,33,SO,1566266677,78,5.35,48.53,74.62,21.43
130,Ulaangom,70,MN,1566266678,44,49.98,92.07,62.38,4.59
131,Kahului,40,US,1566266484,58,20.89,-156.47,86.0,18.34
132,Romitan,0,UZ,1566266680,49,39.93,64.38,69.8,9.17
133,Rabo de Peixe,75,PT,1566266682,94,37.8,-25.58,71.01,8.05
134,Manadhoo,34,MV,1566266683,79,5.77,73.38,81.82,8.39
135,Lavrentiya,0,RU,1566266684,60,65.58,-170.99,52.12,12.93
136,Mahebourg,75,MU,1566266685,83,-20.41,57.7,71.6,14.99
137,Harlingen,90,NL,1566266686,87,53.18,5.41,63.0,19.46
138,Tuktoyaktuk,90,CA,1566266687,93,69.44,-133.03,37.4,9.17
139,Willowmore,0,ZA,1566266689,93,-33.3,23.49,38.62,2.08
140,Norman Wells,75,CA,1566266690,79,65.28,-126.83,50.0,5.82
141,Omsukchan,0,RU,1566266691,42,62.53,155.8,67.78,2.66
142,Guerrero Negro,0,MX,1566266692,84,27.97,-114.04,65.98,19.06
143,Ituango,100,CO,1566266693,94,7.17,-75.76,58.42,1.81
144,Tilichiki,0,RU,1566266694,64,60.47,166.1,65.98,2.66
145,Castro,0,CL,1566266696,93,-42.48,-73.76,37.4,4.7
146,Khatanga,98,RU,1566266697,70,71.98,102.47,54.1,7.47
147,Aswan,0,EG,1566266698,28,24.09,32.9,86.0,9.17
148,Kilindoni,81,TZ,1566266699,77,-7.91,39.67,77.14,18.54
149,Garowe,100,SO,1566266700,63,8.41,48.48,72.28,25.1
150,Havelock,1,US,1566266699,73,34.88,-76.9,82.4,6.93
151,Qaqortoq,39,GL,1566266702,76,60.72,-46.03,48.2,3.36
152,Yining,68,CN,1566266704,46,29.04,114.56,94.96,1.39
153,Mount Isa,0,AU,1566266705,22,-20.73,139.49,64.4,16.11
154,Skjervoy,100,NO,1566266706,96,70.03,20.97,50.5,15.88
155,Liwale,32,TZ,1566266707,95,-9.8,37.92,56.98,3.87
156,Dauphin,90,CA,1566266708,63,51.15,-100.04,64.4,4.7
157,Broome,0,GB,1566266710,93,52.47,1.45,54.0,6.93
158,Ahipara,100,NZ,1566266711,100,-35.17,173.16,55.0,27.78
159,Gelnica,0,SK,1566266712,77,48.85,20.94,66.2,5.82
160,Airai,23,TL,1566266713,48,-8.93,125.41,84.88,3.62
161,Maniitsoq,100,GL,1566266714,81,65.42,-52.9,43.84,8.12
162,Bosaso,46,SO,1566266715,73,11.28,49.18,85.06,3.31
163,Port Hedland,0,AU,1566266716,17,-20.31,118.58,71.6,26.4
164,Codrington,0,AU,1566266718,25,-28.95,153.24,64.0,8.05
165,Jember,100,ID,1566266719,52,-8.17,113.7,76.78,5.7
166,Darnah,0,LY,1566266720,67,32.77,22.64,78.04,13.18
167,Luderitz,0,NA,1566266721,53,-26.65,15.16,61.84,15.26
168,North Branch,1,US,1566266550,82,45.51,-92.98,75.2,4.83
169,Tyazhinskiy,100,RU,1566266723,98,56.11,88.52,57.88,3.06
170,Sikeston,1,US,1566266724,79,36.88,-89.59,86.0,6.42
171,Ulkan,81,RU,1566266726,55,57.24,107.32,62.38,3.18
172,Yairipok,100,IN,1566266727,81,24.67,94.07,75.52,1.79
173,Petropavlovsk-Kamchatskiy,75,RU,1566266728,72,53.05,158.65,60.8,6.71
174,Clyde River,1,CA,1566266729,93,70.47,-68.59,42.8,3.36
175,Severo-Kurilsk,9,RU,1566266730,89,50.68,156.12,49.24,14.0
176,Salo,40,FI,1566266731,93,60.38,23.13,60.8,5.82
177,Santa Lucia,0,IT,1566266733,43,41.98,12.66,75.99,2.24
178,Peleduy,90,RU,1566266734,89,59.63,112.75,55.54,4.38
179,Alta Floresta,1,BR,1566266735,52,-9.87,-56.08,78.94,5.86
180,Key West,1,US,1566266519,73,47.93,-96.78,78.8,8.05
181,Marienburg,0,DE,1566266737,87,52.12,9.98,59.0,2.24
182,Laytown,0,IE,1566266738,87,53.68,-6.24,52.0,8.05
183,Burgos,90,ES,1566266739,87,42.34,-3.7,55.99,13.87
184,Erdenet,100,MN,1566266741,86,49.03,104.04,49.06,6.22
185,Dunedin,100,NZ,1566266742,50,-45.87,170.5,53.01,1.99
186,Mastic Beach,1,US,1566266743,83,40.77,-72.85,75.99,4.7
187,Puerto Colombia,75,CO,1566266744,88,10.99,-74.96,77.0,3.36
188,Fortuna,1,US,1566266745,77,40.6,-124.16,63.0,10.29
189,Iqaluit,20,CA,1566266746,87,63.75,-68.52,42.8,13.89
190,Vila Velha,75,BR,1566266748,74,-3.71,-38.6,80.6,14.99
191,San Quintin,82,PH,1566266749,76,17.54,120.52,84.52,12.03
192,Dwarka,75,IN,1566266750,94,28.58,77.04,88.0,5.82
193,Banting,75,MY,1566266751,79,2.82,101.5,84.2,6.93
194,Umm Lajj,0,SA,1566266608,69,25.02,37.27,86.68,8.7
195,Cayenne,0,GF,1566266667,94,4.94,-52.33,77.0,3.44
196,Yellowknife,75,CA,1566266754,67,62.45,-114.38,57.2,5.82
197,Yinchuan,96,CN,1566266755,42,38.48,106.21,72.64,4.79
198,Matamoros,75,US,1566266745,62,25.87,-97.51,89.6,14.99
199,Lalmohan,100,BD,1566266758,71,22.34,90.74,86.5,8.97
200,Mercedes,99,UY,1566266759,78,-33.25,-58.03,45.0,17.0
201,Sola,91,TZ,1566266760,56,-3.17,33.8,64.9,6.51
202,Cidreira,67,BR,1566266761,92,-30.17,-50.22,47.26,5.26
203,Leningradskiy,11,RU,1566266762,87,69.38,178.42,45.46,13.29
204,Hasaki,75,JP,1566266763,79,35.73,140.83,87.01,13.87
205,Hamilton,20,CA,1566266564,77,43.26,-79.87,73.99,3.36
206,Guanica,1,PR,1566266766,100,17.97,-66.91,82.99,4.7
207,Chokurdakh,100,RU,1566266767,36,70.62,147.9,67.42,2.19
208,Baoqing,100,CN,1566266768,86,46.32,132.2,66.34,2.68
209,Lebu,75,ET,1566266769,93,8.96,38.73,57.2,1.14
210,Iraan,1,US,1566266770,27,30.91,-101.9,91.99,10.29
211,Cabedelo,20,BR,1566266772,94,-6.97,-34.84,71.6,5.82
212,Avarua,95,CK,1566266629,88,-21.21,-159.78,77.0,10.29
213,Tura,88,RU,1566266774,36,64.27,100.22,67.42,8.95
214,Saint George,0,GR,1566266775,77,39.45,22.34,66.2,0.25
215,Cabo San Lucas,5,MX,1566266606,29,22.89,-109.91,91.4,10.29
216,Sorong,53,ID,1566266777,67,-0.86,131.25,83.8,12.01
217,Kirakira,68,SB,1566266778,81,-10.46,161.92,80.02,20.56
218,College,90,US,1566266779,43,64.86,-147.8,60.8,8.05
219,Nampula,0,MZ,1566266781,88,-15.12,39.26,62.6,4.7
220,Road Town,1,VG,1566266782,88,18.42,-64.62,82.99,8.05
221,Geraldton,20,CA,1566266783,68,49.72,-86.95,64.4,9.17
222,Kailua,20,US,1566266784,58,21.39,-157.74,91.4,11.41
223,Buraydah,0,SA,1566266785,28,26.33,43.97,86.0,8.05
224,Kaeo,100,NZ,1566266786,100,-35.1,173.78,55.0,17.13
225,Souillac,0,FR,1566266788,77,45.6,-0.6,59.0,6.93
226,Kayes,0,ML,1566266789,86,14.44,-11.44,77.32,9.06
227,Juigalpa,100,NI,1566266790,74,12.1,-85.37,77.32,5.93
228,Ahuimanu,20,US,1566266791,58,21.44,-157.84,91.4,11.41
229,Vao,1,EE,1566266792,95,59.1,26.19,53.92,8.3
230,Takoradi,98,GH,1566266793,93,4.89,-1.75,73.36,5.1
231,Kuusamo,75,FI,1566266677,93,65.96,29.19,57.2,8.05
232,Tsumeb,0,NA,1566266795,22,-19.25,17.72,56.98,9.95
233,Goderich,0,CA,1566266797,79,43.74,-81.71,68.0,3.0
234,Jacareacanga,1,BR,1566266798,43,-6.22,-57.76,77.68,2.46
235,Mikhaylovka,66,RU,1566266799,82,52.96,103.29,55.18,9.64
236,Ketchikan,90,US,1566266639,82,55.34,-131.65,55.4,9.17
237,Ust-Kulom,100,RU,1566266801,99,61.69,53.69,58.06,5.57
238,Thinadhoo,36,MV,1566266802,66,0.53,72.93,84.16,6.71
239,Fort Nelson,90,CA,1566266804,100,58.81,-122.69,42.8,4.7
240,Honiara,90,SB,1566266805,62,-9.43,159.96,89.6,12.75
241,San Cristobal,63,HN,1566266806,85,14.68,-86.92,66.34,7.38
242,Mwingi,15,KE,1566266807,90,-0.93,38.07,58.06,5.73
243,Pangai,75,TO,1566266808,69,-19.8,-174.35,77.0,6.93
244,San Patricio,0,PY,1566266809,78,-26.98,-56.83,47.98,8.81
245,Burns Lake,100,CA,1566266811,77,54.23,-125.76,46.72,7.76
246,Ponta do Sol,27,BR,1566266812,66,-20.63,-46.0,66.16,1.66
247,Katherine,0,AU,1566266813,16,-14.47,132.26,75.2,13.87
248,Ostrovnoy,100,RU,1566266814,90,68.05,39.51,58.24,15.48
249,Kachiry,0,KZ,1566266815,56,53.07,76.1,63.46,9.57
250,Kenora,34,CA,1566266816,52,49.76,-94.48,69.8,4.29
251,Alanya,0,TR,1566266818,83,36.55,32.0,71.6,4.7
252,Pemba,39,MZ,1566266819,79,-12.97,40.52,68.5,14.41
253,Maryville,1,US,1566266820,94,35.76,-83.97,82.4,1.57
254,Chaohu,0,CN,1566266821,69,31.63,117.88,82.4,6.71
255,Alice Springs,0,AU,1566266786,30,-23.7,133.88,55.4,18.34
256,Samarai,63,PG,1566266823,63,-10.62,150.67,79.3,9.91
257,Mattru,61,SL,1566266825,96,7.62,-11.83,73.18,1.99
258,Trairi,19,BR,1566266826,92,-3.28,-39.27,71.2,5.73
259,Acapulco,100,MX,1566266827,95,16.86,-99.88,74.8,3.49
260,Lasa,0,CY,1566266828,78,34.92,32.53,75.2,8.05
261,Miri,100,NG,1566266829,94,10.31,9.75,67.96,3.87
262,Cairns,0,AU,1566266604,34,-16.92,145.77,82.0,18.34
263,Sikar,0,IN,1566266832,60,27.61,75.14,85.6,6.24
264,Gidam,100,IN,1566266833,80,18.98,81.4,80.74,3.33
265,Castrillon,90,ES,1566266834,93,43.4,-6.79,63.0,2.24
266,Hereford,0,GB,1566266835,91,52.06,-2.72,55.0,4.23
267,Santo Andre,6,BR,1566266836,98,-0.91,-46.86,73.0,2.35
268,Pochutla,75,MX,1566266838,83,15.74,-96.47,80.01,9.17
269,Kabelvag,100,NO,1566266839,89,68.21,14.48,55.0,5.66
270,Nanortalik,67,GL,1566266840,98,60.14,-45.24,38.8,1.25
271,Brownwood,1,US,1566266692,34,31.71,-98.99,93.2,10.29
272,Wajir,5,KE,1566266842,75,1.75,40.07,69.76,10.38
273,Bikaner,0,IN,1566266843,50,28.02,73.32,90.82,14.52
274,Praia da Vitoria,75,PT,1566266844,88,38.73,-27.07,69.8,19.55
275,Chifeng,100,CN,1566266845,88,42.27,118.96,62.74,14.2
276,Beringovskiy,100,RU,1566266847,82,63.05,179.32,49.96,9.4
277,Novobureyskiy,100,RU,1566266848,63,49.8,129.88,68.32,2.73
278,Sun Valley,1,US,1566266849,21,39.6,-119.78,91.99,13.87
279,Lipin Bor,100,RU,1566266850,92,60.26,37.97,58.6,6.85
280,Lubango,0,AO,1566266851,43,-14.92,13.49,60.76,2.28
281,Oneida,1,US,1566266852,88,41.07,-90.23,82.4,4.52
282,Kodinsk,17,RU,1566266854,60,58.6,99.18,67.42,3.38
283,Daru,48,PG,1566266855,62,-9.07,143.21,78.22,9.31
284,San Giljan,0,MT,1566266856,78,35.92,14.49,75.99,1.12
285,Mizusawa,75,JP,1566266857,100,39.14,141.14,69.8,9.17
286,Ilulissat,20,GL,1566266858,70,69.22,-51.1,42.8,2.24
287,Krasnyy Yar,0,RU,1566266859,68,50.7,44.73,66.88,7.9
288,Narok,55,KE,1566266861,86,-1.09,35.87,54.46,7.11
289,Bani Walid,0,LY,1566266862,90,31.76,14.0,65.08,7.83
290,Hirara,75,JP,1566266863,100,24.8,125.28,82.4,4.7
291,Shitanjing,5,CN,1566266864,31,39.23,106.34,76.06,12.8
292,Okitipupa,100,NG,1566266865,95,6.5,4.78,74.08,3.42
293,Tuatapere,100,NZ,1566266866,79,-46.13,167.69,48.99,3.0
294,Novo Aripuana,54,BR,1566266868,59,-5.12,-60.38,78.4,1.95
295,Dzhebariki-Khaya,100,RU,1566266869,68,62.22,135.8,58.24,1.59
296,Nacala,81,MZ,1566266870,83,-14.56,40.69,63.64,7.27
297,Saint-Philippe,40,CA,1566266871,65,45.36,-73.48,77.0,3.36
298,Port Augusta,75,AU,1566266872,67,-32.49,137.76,57.2,9.17
299,Ratnagiri,100,IN,1566266662,80,16.98,73.3,80.38,3.96
300,Kez,59,RU,1566266875,97,57.9,53.72,62.92,3.78
301,Rocha,100,UY,1566266876,82,-34.48,-54.34,36.28,3.98
302,Hermanus,0,ZA,1566266877,81,-34.42,19.24,48.99,9.26
303,Flagstaff,1,US,1566266705,22,35.2,-111.65,89.6,8.05
304,Aklavik,75,CA,1566266879,93,68.22,-135.01,39.2,3.36
305,Iquique,90,CL,1566266880,67,-20.22,-70.14,59.0,6.93
306,Moree,0,AU,1566266655,30,-29.46,149.84,59.0,21.92
307,Vazante,94,BR,1566266882,39,-17.99,-46.9,71.92,3.47
308,Nhulunbuy,20,AU,1566266884,57,-12.18,136.78,77.0,21.92
309,San-Pedro,100,CI,1566266885,97,4.75,-6.64,71.2,2.01
310,Gornyatskiy,0,RU,1566266886,78,48.29,40.96,67.96,7.56
311,Narsaq,39,GL,1566266887,76,60.91,-46.05,48.2,3.36
312,Vanavara,0,RU,1566266888,56,60.35,102.28,66.88,5.55
313,Tiznit,0,MA,1566266889,91,29.7,-9.73,66.7,6.98
314,Eastlake,1,US,1566266891,68,32.66,-116.98,80.6,9.17
315,Ondjiva,0,AO,1566266892,22,-17.07,15.73,56.26,7.92
316,Saint-Pierre,0,FR,1566266893,93,48.95,4.24,51.8,3.36
317,Lively,1,US,1566266680,36,33.6,-99.18,95.0,13.87
318,Poya,0,NC,1566266895,66,-21.35,165.16,68.14,6.89
319,Nouadhibou,75,MR,1566266896,94,20.93,-17.03,71.6,9.17
320,Tokur,100,RU,1566266897,98,53.13,132.9,48.52,3.49
321,Talcahuano,0,CL,1566266899,87,-36.72,-73.12,51.8,5.82
322,Vestmannaeyjar,31,IS,1566266900,73,63.44,-20.27,49.96,12.24
323,Madang,100,CN,1566266901,95,35.32,102.79,46.54,5.21
324,Moose Factory,90,CA,1566266902,93,51.26,-80.61,59.0,8.05
325,Allende,0,MX,1566266903,34,28.34,-100.85,90.28,9.69
326,Flinders,0,AU,1566266905,53,-34.58,150.85,66.0,16.11
327,Miles City,1,US,1566266680,18,46.41,-105.84,89.6,10.29
328,Carnarvon,0,ZA,1566266907,41,-30.97,22.13,44.56,9.53
329,Dingle,93,PH,1566266908,75,11.0,122.67,85.6,11.83
330,Tourlaville,0,FR,1566266909,87,49.64,-1.57,60.01,9.17
331,Igarka,50,RU,1566266910,71,67.47,86.57,62.2,10.2
332,Chitral,0,PK,1566266912,25,35.85,71.79,42.58,5.06
333,Dikson,100,RU,1566266913,90,73.51,80.55,43.12,13.49
334,Flin Flon,85,CA,1566266914,78,54.77,-101.88,49.06,7.29
335,Shimoda,75,JP,1566266915,74,34.7,138.93,90.0,6.93
336,Provideniya,90,RU,1566266916,71,64.42,-173.23,51.8,15.66
337,Deputatskiy,85,RU,1566266917,31,69.3,139.9,69.76,4.07
338,Laguna,40,BZ,1566266918,78,16.17,-88.94,82.4,3.27
339,Vrangel,42,RU,1566266920,59,42.73,133.08,77.32,5.08
340,Camacha,40,PT,1566266921,88,33.08,-16.33,73.4,6.93
341,Port Elizabeth,75,US,1566266922,78,39.31,-74.98,82.0,4.7
342,Eshowe,17,ZA,1566266923,82,-28.89,31.46,49.6,2.44
343,Inhambane,5,MZ,1566266924,96,-23.87,35.38,59.68,3.04
344,Omboue,100,GA,1566266925,86,-1.57,9.26,74.62,12.1
345,Belmonte,0,PT,1566266927,92,40.36,-7.35,64.0,3.78
346,Sorland,100,NO,1566266928,90,67.67,12.69,53.74,7.94
347,Magomeni,40,TZ,1566266929,94,-6.8,39.25,71.6,6.93
348,Buba,100,GW,1566266930,93,11.59,-14.99,75.16,3.8
349,Fuengirola,20,ES,1566266931,88,36.54,-4.62,75.99,4.7
350,Pinega,68,RU,1566266932,96,64.7,43.39,56.98,5.21
351,Falun,56,SE,1566266934,82,60.61,15.63,57.2,10.29
352,Siuna,0,NI,1566266935,94,13.73,-84.78,67.24,1.48
353,Taltal,5,CL,1566266936,86,-25.41,-70.49,48.88,3.6
354,Bay Roberts,20,CA,1566266937,72,47.58,-53.28,64.4,13.87
355,Coolum Beach,0,AU,1566266938,36,-26.53,153.09,66.0,1.99
356,Solnechnyy,100,RU,1566266939,98,50.72,136.64,53.38,3.42
357,Portland,1,US,1566266940,100,43.66,-70.25,73.99,4.7
358,North Bend,1,US,1566266942,72,43.41,-124.22,66.2,12.75
359,Ola,0,RU,1566266943,80,59.58,151.3,56.62,6.31
360,Taoudenni,0,ML,1566266903,18,22.68,-3.98,96.4,8.97
361,Coffs Harbour,0,AU,1566266945,25,-30.3,153.13,66.99,8.05
362,Grindavik,40,IS,1566266946,87,63.84,-22.43,48.2,8.05
363,Pundaguitan,3,PH,1566266947,72,6.37,126.17,82.18,0.43
364,Motygino,83,RU,1566266948,51,58.18,94.69,69.76,2.15
365,Haselunne,0,DE,1566266950,82,52.67,7.48,57.2,5.82
366,Dryden,1,CA,1566266951,45,49.79,-92.84,68.0,5.73
367,Nome,1,US,1566266952,83,30.04,-94.42,86.0,5.84
368,Cervo,17,BR,1566266953,91,-22.19,-46.24,59.14,3.0
369,Juneau,75,US,1566266954,33,58.3,-134.42,59.0,6.93
370,Matara,39,BI,1566266955,74,-3.48,29.48,51.4,1.57
371,Henties Bay,0,NA,1566266957,92,-22.12,14.28,55.0,1.01
372,Gizo,20,IL,1566266958,69,31.8,34.94,75.2,4.7
373,Oum Hadjer,100,TD,1566266959,78,13.3,19.7,77.68,3.67
374,Antofagasta,90,CL,1566266960,76,-23.65,-70.4,55.4,6.93
375,Agutaya,99,PH,1566266961,78,11.15,120.94,82.9,9.1
376,Cooma,99,AU,1566266962,40,-36.24,149.13,51.8,20.8
377,Ojinaga,1,US,1566266963,26,29.56,-104.41,95.0,5.82
378,Srivardhan,100,IN,1566266965,78,18.03,73.02,79.66,3.53
379,Dudinka,90,RU,1566266966,100,69.41,86.18,48.2,13.42
380,Yaounde,75,CM,1566266967,100,3.87,11.52,69.8,4.7
381,Raudeberg,100,NO,1566266968,93,61.99,5.14,55.4,17.22
382,Galveston,1,US,1566266969,94,40.58,-86.19,79.0,1.95
383,Anadyr,90,RU,1566266970,62,64.73,177.51,57.2,11.18
384,Male,0,UA,1566266972,82,50.74,33.7,59.68,3.13
385,Sire,88,ET,1566266973,90,8.28,39.49,60.4,3.71
386,Panguna,100,PG,1566266974,87,-6.32,155.48,78.94,22.55
387,Faanui,15,PF,1566266975,76,-16.48,-151.75,80.02,18.05
388,Ekhabi,100,RU,1566266976,94,53.51,142.97,53.2,12.48
389,Sobolevo,4,RU,1566266977,89,54.43,31.9,59.5,6.96
390,Santiago,100,PH,1566266979,63,16.69,121.54,87.4,3.44
391,Waingapu,0,ID,1566266980,41,-9.65,120.26,83.98,16.04
392,Richards Bay,2,ZA,1566266981,69,-28.77,32.06,67.06,23.58
393,Mahibadhoo,74,MV,1566266982,74,3.78,72.97,82.18,8.14
394,Bozova,0,TR,1566266983,38,37.36,38.53,77.0,10.29
395,Verkhoyansk,100,RU,1566266984,46,67.55,133.39,70.12,2.68
396,Udachnyy,90,RU,1566266959,87,66.42,112.4,50.0,6.71
397,Mampong,97,GH,1566266987,96,7.06,-1.4,69.94,7.49
398,Simnas,86,LT,1566266988,90,54.38,23.65,57.34,1.68
399,Katsuura,75,JP,1566266989,83,33.93,134.5,84.0,5.82
400,Murighiol,0,RO,1566266990,67,45.04,29.17,61.0,5.82
401,Yerbogachen,100,RU,1566266991,91,61.28,108.01,53.92,5.77
402,Dobson,100,NZ,1566266992,84,-42.45,171.31,52.3,38.5
403,Ko Samui,20,TH,1566266993,62,9.54,99.94,86.0,10.29
404,Axim,100,GH,1566266995,93,4.87,-2.24,74.62,9.6
405,Mortka,0,RU,1566266996,68,59.33,66.02,58.6,4.18
406,Balakhta,100,RU,1566266997,81,55.38,91.62,56.62,4.76
407,Port Macquarie,0,AU,1566266887,23,-31.43,152.91,66.99,12.75
408,Hetauda,75,NP,1566266919,94,27.43,85.03,71.6,3.36
409,Niono,74,ML,1566267000,72,14.25,-5.99,80.92,8.68
410,Matagami,99,NG,1566267002,98,9.67,8.4,67.78,2.64
411,General Roca,90,AR,1566267006,86,-39.03,-67.58,41.0,4.7
412,Sao Felix do Xingu,1,BR,1566267007,42,-6.64,-51.99,73.54,1.28
413,Constitucion,75,MX,1566267008,46,23.99,-104.67,73.99,10.29
414,Jumla,9,NP,1566267009,79,29.28,82.18,62.38,2.55
415,Lompoc,1,US,1566267011,53,34.64,-120.46,75.0,9.17
416,Horbranz,90,AT,1566267012,93,47.55,9.75,64.4,2.24
417,Gap,100,FR,1566267013,84,44.56,6.08,66.0,1.81
418,Garmsar,0,IR,1566267014,30,35.22,52.34,68.32,0.6
419,Lorengau,93,PG,1566267015,74,-2.02,147.27,83.44,10.42
420,Ayan,8,IR,1566267017,37,38.23,44.7,58.78,5.3
421,Emerald,0,AU,1566267018,21,-23.53,148.16,64.0,18.34
422,Sabi,71,SN,1566267019,93,13.24,-14.19,73.9,3.8
423,Faizabad,0,IN,1566267020,71,26.78,82.14,86.32,8.48
424,Imbituba,0,BR,1566266786,67,-28.24,-48.67,57.2,10.29
425,Mayumba,0,GA,1566267022,89,-3.44,10.65,71.92,2.75
426,Petropavlovskoye,75,RU,1566267023,82,46.79,142.5,59.0,8.95
427,High Level,75,CA,1566266948,58,58.52,-117.13,55.4,2.28
428,The Valley,20,AI,1566266948,79,18.22,-63.06,84.2,10.29
429,Diffa,100,NE,1566267027,77,13.32,12.61,78.94,6.2
430,Neepawa,20,CA,1566267028,49,50.23,-99.46,71.6,5.82
431,Inta,0,RU,1566267029,71,66.04,60.13,59.32,4.16
432,Batagay-Alyta,100,RU,1566267030,59,67.8,130.41,60.04,6.87
433,Grand Gaube,75,MU,1566267031,83,-20.01,57.66,71.6,14.99
434,Bonthe,70,SL,1566267032,91,7.53,-12.5,75.34,6.51
435,Bend,1,US,1566266809,17,44.06,-121.32,87.8,9.17
436,Marfino,0,RU,1566267035,93,56.07,37.56,60.01,4.47
437,Uvat,0,RU,1566267036,65,59.14,68.9,57.34,8.72
438,Monster,20,NL,1566267037,87,52.03,4.17,62.01,10.29
439,Zhaoyang,100,CN,1566267038,77,42.68,126.03,71.92,6.8
440,Aginskoye,100,RU,1566267039,77,51.11,114.54,59.0,9.98
441,Port Pirie,75,AU,1566267040,67,-33.18,138.01,57.2,9.17
442,Namatanai,84,PG,1566267042,80,-3.66,152.44,80.74,14.9
443,Denpasar,20,ID,1566266961,78,-8.65,115.22,80.6,10.29
444,Makakilo City,1,US,1566266925,38,21.35,-158.09,91.4,9.17
445,Kargasok,94,RU,1566267045,92,59.06,80.87,51.94,4.79
446,Mora,13,PT,1566267046,96,38.94,-8.17,61.0,6.13
447,Havre-Saint-Pierre,90,CA,1566267047,100,50.23,-63.6,64.4,6.93
448,Benalla,90,AU,1566267048,81,-36.55,145.99,53.01,5.82
449,Sayat,0,TM,1566267049,38,38.78,63.88,73.4,11.41
450,Taiyuan,82,CN,1566267051,88,37.86,112.56,69.8,6.71
451,Hvide Sande,0,DK,1566267052,100,56.01,8.13,55.99,6.93
452,Verrettes,100,HT,1566267053,66,19.05,-72.47,86.0,14.99
453,Murgab,0,TM,1566267054,55,37.5,61.97,64.4,6.93
454,Hay River,75,CA,1566267055,76,60.82,-115.79,51.8,5.82
455,Zhangye,98,CN,1566267056,53,38.94,100.46,60.76,5.35
456,Merauke,1,ID,1566267058,71,-8.49,140.4,76.78,21.36
457,Poum,0,MK,1566267059,76,41.28,20.71,57.2,3.36
458,Atyrau,0,KZ,1566267060,31,47.1,51.92,78.8,8.95
459,Broken Hill,40,AU,1566267061,58,-31.97,141.45,53.6,13.87
460,Bilma,49,NE,1566267062,38,18.69,12.92,89.74,15.59
461,Elko,1,US,1566267063,9,40.83,-115.76,91.4,9.17
462,Beloha,0,MG,1566267065,79,-25.17,45.06,59.86,6.08
463,Upata,23,VE,1566267066,86,8.02,-62.41,79.0,1.01
464,Jiayuguan,99,CN,1566267067,34,39.77,98.29,64.72,4.79
465,Launceston,75,AU,1566267068,76,-41.43,147.14,57.0,19.46
466,Kudahuvadhoo,65,MV,1566267069,65,2.67,72.89,82.54,8.23
467,Nyaunglebin,100,MM,1566267070,83,17.95,96.73,82.72,1.79
468,Hailin,100,CN,1566267071,77,44.57,129.38,68.32,4.61
469,Kavieng,100,PG,1566267073,74,-2.57,150.8,83.44,12.26
470,Boa Vista,0,BR,1566267074,78,2.82,-60.67,80.6,3.36
471,Rio Gallegos,0,AR,1566267075,86,-51.62,-69.22,33.8,5.82
472,Saquena,39,PE,1566267076,80,-4.67,-73.52,74.98,2.82
473,Kununurra,0,AU,1566267077,15,-15.77,128.74,75.2,17.22
474,Lugovoy,0,RU,1566267078,68,59.72,65.88,59.14,3.78
475,Kajaani,0,FI,1566267079,93,64.22,27.73,53.6,6.93
476,Obo,40,CF,1566267081,97,5.39,26.49,65.98,1.54
477,Tromso,75,NO,1566267082,87,69.65,18.96,53.6,25.28
478,Timizart,0,DZ,1566267083,83,36.8,4.25,77.86,8.41
479,Salina Cruz,100,MX,1566267084,77,16.18,-95.2,79.3,8.25
480,Le Mars,1,US,1566267085,88,42.79,-96.17,79.0,6.93
481,Mildura,37,AU,1566267086,58,-34.18,142.16,57.99,11.41
482,Kalmunai,91,LK,1566267088,70,7.42,81.82,83.62,2.73
483,Anori,22,BR,1566267089,67,-3.74,-61.66,76.96,3.15
484,Moramanga,50,MG,1566267090,98,-18.95,48.23,51.04,2.98
485,Sambava,100,MG,1566267091,83,-14.27,50.17,66.7,3.2
486,Pedasi,78,PA,1566267092,88,7.53,-80.03,76.6,3.22
487,Lerwick,93,GB,1566267093,93,60.15,-1.15,51.8,11.41
488,Karakol,0,KG,1566267094,57,42.49,78.39,57.88,6.08
489,Srednekolymsk,0,RU,1566267096,25,67.46,153.71,76.78,1.63
490,Coquimbo,20,CL,1566267097,93,-29.95,-71.34,51.8,6.93
491,Pangody,100,RU,1566267098,83,65.85,74.49,48.7,16.28
492,Chapais,40,CA,1566267099,82,49.78,-74.86,57.2,4.7
493,Kosino,0,PL,1566267100,88,52.56,19.93,64.99,4.7
494,Maragogi,14,BR,1566266896,95,-9.01,-35.22,68.14,1.3
495,Fuerte Olimpo,67,BR,1566267103,63,-21.04,-57.87,66.16,3.94
496,Vardo,40,US,1566267104,74,39.62,-77.74,80.6,1.59
497,Dmitriyevka,86,GE,1566267105,87,43.08,41.0,77.5,10.92
498,Englehart,1,CA,1566267106,49,47.82,-79.87,68.0,6.93
499,Nemuro,75,JP,1566267107,93,43.32,145.57,59.0,4.7
500,Manggar,29,ID,1566267108,55,-2.88,108.27,86.68,11.12
501,Praya,40,ID,1566267110,69,-8.71,116.27,80.6,10.29
502,Yeppoon,0,AU,1566267111,10,-23.13,150.74,69.8,8.05
503,Iskilip,13,TR,1566267112,94,40.73,34.47,51.94,2.86
504,Trofors,18,NO,1566267113,87,65.54,13.39,55.4,8.05
505,San Carlos de Bariloche,75,AR,1566267114,86,-41.13,-71.31,33.8,5.82
506,Chipinge,0,ZW,1566267115,59,-20.19,32.62,58.42,2.55
507,Gastouni,0,GR,1566267116,88,37.85,21.25,78.8,5.1
508,Tagusao,62,PH,1566267118,71,9.19,117.81,84.34,14.47
509,Bilibino,79,RU,1566267119,47,68.06,166.44,64.0,3.6
510,Te Anau,100,NZ,1566266989,93,-45.41,167.72,39.52,5.53
511,Sao Marcos,41,BR,1566267121,90,-28.97,-51.07,44.01,1.01
512,Podor,0,MR,1566267122,63,16.65,-14.96,81.28,14.72
513,Iskateley,1,RU,1566267123,76,67.68,53.15,56.44,11.97
514,Karabulak,0,KZ,1566267125,27,44.91,78.49,77.14,2.42
515,Aguimes,40,ES,1566266932,78,27.91,-15.45,71.6,24.16
516,Port Alberni,40,CA,1566267127,64,49.24,-124.81,71.6,10.29
517,Colares,20,PT,1566267128,82,38.8,-9.45,64.99,20.8
518,Khani,90,GE,1566267129,94,41.96,42.96,69.8,3.36
519,Cochrane,0,CL,1566267130,75,-47.25,-72.57,22.96,6.13
520,Kisoro,24,UG,1566267131,83,-1.28,29.69,51.76,1.79
521,Saint Anthony,1,US,1566267133,13,43.97,-111.68,89.6,12.75
522,Dormidontovka,100,RU,1566267134,91,47.77,134.91,67.06,3.94
523,Kisanga,0,CD,1566267135,66,-11.72,27.4,47.44,5.91
524,Mitsamiouli,46,KM,1566267136,82,-11.38,43.28,76.06,21.94
525,Daye,64,CN,1566267137,48,30.1,114.98,94.06,5.91
526,Amapa,75,HN,1566267139,69,15.09,-87.97,82.4,4.7
527,Port Hardy,75,CA,1566267140,52,50.7,-127.42,68.0,5.82
528,Nizhniy Tsasuchey,96,RU,1566267141,77,50.52,115.13,60.58,17.49
529,Moreira Sales,2,BR,1566267142,89,-24.05,-53.01,63.64,5.08
530,Yidu,99,CN,1566267143,54,30.39,111.44,97.0,3.0
531,Mwense,0,ZM,1566267144,62,-10.39,28.7,52.84,4.81
532,Pangnirtung,0,CA,1566267146,74,66.15,-65.72,40.78,1.3
533,Westport,1,US,1566266852,94,41.14,-73.36,75.99,2.42
534,Ginda,40,IN,1566267148,88,30.69,78.49,77.0,3.36
535,Port Blair,40,IN,1566267149,88,11.67,92.75,80.6,5.82
536,Salinopolis,3,BR,1566267150,80,-0.61,-47.36,81.64,18.07
537,Falmouth,0,GB,1566267151,87,50.16,-5.07,57.0,8.05
538,Praia,0,BR,1566267152,49,-20.25,-43.81,71.6,6.31
539,Mezen,81,RU,1566267154,93,65.85,44.24,58.96,8.03
540,Curup,5,ID,1566267155,52,-3.47,102.53,81.28,1.63
541,Kruisfontein,0,ZA,1566267156,73,-34.0,24.73,47.98,8.37
542,Northam,0,AU,1566267157,48,-31.65,116.67,60.8,6.93
543,Paamiut,23,GL,1566267158,91,61.99,-49.67,40.78,15.68
544,Vakhtan,18,RU,1566267159,98,57.97,46.69,57.7,4.88
545,Niigata,75,JP,1566267161,100,37.91,139.04,77.0,8.05
546,Sigli,99,ID,1566267162,59,5.38,95.96,87.58,0.76
547,Tucurui,0,BR,1566267163,56,-3.77,-49.67,77.32,2.53
548,Carutapera,0,BR,1566266926,84,-1.2,-46.02,78.22,5.82
549,Chicama,90,PE,1566267165,88,-7.84,-79.15,62.6,6.93
550,Port-Gentil,100,GA,1566267166,85,-0.72,8.78,75.34,14.27
551,Kavaratti,100,IN,1566267167,76,10.57,72.64,82.18,13.4
552,Garissa,14,KE,1566267169,83,-0.46,39.64,69.22,13.24
553,Luena,0,AO,1566267170,27,-11.78,19.91,49.42,3.89
554,Agadez,49,NE,1566267171,55,16.97,7.99,88.12,13.87
555,Lochgilphead,100,GB,1566267172,87,56.04,-5.43,55.4,6.93
556,Shenjiamen,15,CN,1566267173,77,29.96,122.3,81.64,8.55
557,Meadow Lake,54,CA,1566267174,83,54.13,-108.44,49.06,3.31
558,Longyearbyen,40,NO,1566267175,74,78.22,15.63,37.4,13.87
559,Bangkalan,49,ID,1566267177,40,-7.05,112.74,89.2,5.61
560,Salgar,40,CO,1566267178,67,5.96,-75.98,62.6,2.24
561,Okha,100,RU,1566267179,94,53.59,142.95,53.2,12.48
562,Golden Gate,1,US,1566267180,100,38.36,-88.2,82.4,5.95
563,Amalapuram,75,IN,1566267181,83,16.58,82.0,82.4,8.05
564,Vilhena,82,BR,1566267183,94,-12.74,-60.15,69.8,4.7
565,Kuandian,100,CN,1566267184,61,40.73,124.78,76.6,4.61
566,La Ronge,75,CA,1566267185,67,55.1,-105.3,57.2,9.17
567,Colomi,0,BO,1566267186,74,-17.34,-65.87,64.4,9.17
568,Karaton,20,ID,1566267187,58,-6.34,106.1,84.0,3.36
569,Isangel,20,VU,1566267189,53,-19.55,169.27,77.0,11.41
570,Arroyo,98,BO,1566267190,65,-11.08,-66.08,77.32,1.21
571,Lukovetskiy,75,RU,1566267191,100,64.29,41.92,59.0,4.47
572,Madera,1,US,1566267192,29,36.96,-120.06,93.2,10.29
573,Alyangula,0,AU,1566267193,44,-13.85,136.42,75.2,13.87
574,Mashhad,0,IR,1566267190,36,36.3,59.61,64.4,4.7
575,Kiunga,92,PG,1566267195,63,-6.12,141.3,80.38,2.13
576,Jiuquan,99,CN,1566267197,34,39.73,98.49,64.72,4.79
577,Kutum,100,SD,1566267198,76,14.2,24.66,69.4,8.68
578,Mahajanga,20,MG,1566267199,68,-15.72,46.32,68.0,3.36
579,Scottsbluff,1,US,1566267200,29,41.87,-103.67,91.4,3.36
580,Vanimo,0,PG,1566267201,75,-2.67,141.3,82.18,6.51
581,Gurupi,0,BR,1566267202,33,-11.73,-49.07,72.1,1.74
582,Mizan Teferi,83,ET,1566267204,86,6.99,35.58,63.1,2.75
583,Jalingo,90,NG,1566267205,97,10.3,10.93,69.76,6.46
584,Lumsden,20,CA,1566267206,45,50.65,-104.86,68.0,20.8
585,Puerto Maldonado,27,PE,1566267207,59,-12.59,-69.19,77.32,2.28
